{"cameraMode":{"drawMode":0,"name":"Shaded","section":"Shading Mode"},"sceneLighting":false,"audioPlay":false,"sceneViewState":{"showFog":true,"showMaterialUpdate":false,"showSkybox":false,"showFlares":true,"showImageEffects":true,"showParticleSystems":true},"in2DMode":false,"pivot":{"x":0.547711193561554,"y":3.6307475566864015,"z":-0.18530035018920899},"rotation":{"x":-0.05525612086057663,"y":0.9213322997093201,"z":-0.14236436784267426,"w":-0.3575614094734192},"size":4.388154029846191,"orthographic":false}