{"cameraMode":{"drawMode":0,"name":"Shaded","section":"Shading Mode"},"sceneLighting":true,"audioPlay":false,"sceneViewState":{"showFog":true,"showMaterialUpdate":false,"showSkybox":true,"showFlares":true,"showImageEffects":true,"showParticleSystems":true},"in2DMode":false,"pivot":{"x":51.22921371459961,"y":11.46481704711914,"z":51.58997344970703},"rotation":{"x":-0.08079411834478378,"y":0.8325974345207214,"z":-0.12608373165130616,"w":-0.5333102941513062},"size":2.081105947494507,"orthographic":false}